{
    "LinearRegression": {
        "r2": 0.8088475653623509,
        "mae": 24138.522686957313,
        "rmse": 38291.011072688896
    },
    "DecisionTree": {
        "r2": 0.8062965001233943,
        "mae": 25862.938356164384,
        "rmse": 38545.674615025186
    },
    "RandomForest": {
        "r2": 0.8911268406921763,
        "mae": 18200.21511741683,
        "rmse": 28897.96960165297
    },
    "GradientBoosting": {
        "r2": 0.9015368914865347,
        "mae": 18504.746418435323,
        "rmse": 27481.705945445647
    },
    "XGBoost": {
        "r2": 0.8771915435791016,
        "mae": 19302.037109375,
        "rmse": 30691.7109375
    }
}